845,Bar,Dailly,bdaillyng@theatlantic.com,China
174,Fair,Kenwrick,fkenwrick4t@unesco.org,Portugal
181,Fredericka,Malone,fmalone50@nymag.com,China
163,Gael,King,gking4i@businessweek.com,Honduras
120,Yehudit,Raven,yraven3b@taobao.com,Japan
136,Edwina,Coard,ecoard3r@tiny.cc,South Korea
615,Tedmund,Mathwen,tmathwenh2@cbsnews.com,Japan
734,Vernor,Lujan,vlujankd@live.com,Mauritius
809,Felipa,Ruthen,fruthenmg@cnn.com,Russia
333,Svend,Shaefer,sshaefer98@godaddy.com,Sweden
249,Aleda,Allam,aallam6w@fc2.com,Greece
654,Mano,Resdale,mresdalei5@dedecms.com,Philippines
28,Timmi,Romeo,tromeor@pcworld.com,Brazil
871,Aura,Cudby,acudbyo6@about.com,Russia
592,Inge,Walsh,iwalshgf@pbs.org,Finland
978,Rosamund,Ingham,ringhamr5@cloudflare.com,Portugal
36,Barnebas,Gerren,bgerrenz@microsoft.com,Russia
328,Luis,Grcic,lgrcic93@tumblr.com,China
842,Avis,Dymott,adymottnd@hhs.gov,United States
591,Foster,Mustin,fmustinge@cornell.edu,Sweden
415,Malina,Matteini,mmatteinibi@utexas.edu,Azerbaijan
394,Kandy,Bowmer,kbowmerax@army.mil,China
762,Yasmeen,Camblin,ycamblinl5@cdbaby.com,Russia
286,Hervey,Jeanel,hjeanel7x@uiuc.edu,Slovenia
478,Loren,Larcier,llarcierd9@homestead.com,Ireland
20,Roselle,Thexton,rthextonj@fema.gov,Russia
134,Ricky,Cumbes,rcumbes3p@multiply.com,Puerto Rico
556,Josi,Adamowicz,jadamowiczff@usa.gov,Ukraine
864,Marquita,Southerden,msoutherdennz@homestead.com,Philippines
315,Dalia,Snyder,dsnyder8q@bluehost.com,Sweden
187,Anton,Fensome,afensome56@seattletimes.com,Ecuador
661,Bonni,Seemmonds,bseemmondsic@upenn.edu,Montenegro
437,Phyllis,Duggary,pduggaryc4@theatlantic.com,Venezuela
205,Robbie,Culpen,rculpen5o@cpanel.net,Argentina
675,Haroun,O'Dwyer,hodwyeriq@yellowbook.com,Latvia
320,Jamie,Ruit,jruit8v@4shared.com,Saudi Arabia
861,Darlleen,Drohane,ddrohanenw@auda.org.au,Gabon
137,Carlita,Ridwood,cridwood3s@furl.net,Philippines
542,Welsh,Hansbury,whansburyf1@hp.com,China
847,Melva,Basili,mbasilini@123-reg.co.uk,Ukraine
679,Siffre,McVee,smcveeiu@sitemeter.com,China
867,Dannel,Bellerby,dbellerbyo2@wsj.com,Russia
140,Carlo,Utley,cutley3v@go.com,Philippines
30,Lilly,Bullimore,lbullimoret@chronoengine.com,Central African Republic
481,Teressa,Cosgrave,tcosgravedc@ucla.edu,Thailand
854,Robers,Schrader,rschradernp@unesco.org,Indonesia
859,Wendye,Rubinowicz,wrubinowicznu@123-reg.co.uk,Russia
955,Ezri,Possell,epossellqi@blogs.com,Samoa
870,Vernice,Gut,vguto5@nbcnews.com,Poland
600,Augusto,Shakelady,ashakeladygn@myspace.com,Philippines
196,Odo,Hulles,ohulles5f@irs.gov,China
993,Curtice,Larraway,clarrawayrk@apache.org,Portugal
238,Dianemarie,Dalmon,ddalmon6l@newsvine.com,China
19,Lorilyn,Teodori,lteodorii@pagesperso-orange.fr,Germany
139,Lief,Willerson,lwillerson3u@studiopress.com,Poland
370,Julie,Purshouse,jpurshousea9@networkadvertising.org,Vietnam
386,Shanon,Stubbley,sstubbleyap@fastcompany.com,Pakistan
723,Sherman,Bodman,sbodmank2@ow.ly,China
182,Mattie,Perdue,mperdue51@opensource.org,Burkina Faso
614,Allister,Heenan,aheenanh1@nytimes.com,Russia
233,Oby,Baldock,obaldock6g@alibaba.com,New Zealand
653,Steffane,Elves,selvesi4@unblog.fr,Ethiopia
199,Valma,Doogood,vdoogood5i@gnu.org,Brazil
802,Shanna,Mattheus,smattheusm9@eventbrite.com,Greece
894,Tracey,Maudett,tmaudettot@symantec.com,China
66,Findlay,Winteringham,fwinteringham1t@google.es,Sweden
875,Gunilla,Pachta,gpachtaoa@ebay.co.uk,Belarus
365,Sella,Willment,swillmenta4@techcrunch.com,China
883,Rodd,McLoney,rmcloneyoi@linkedin.com,Russia
222,Stanwood,Garrique,sgarrique65@washington.edu,Russia
166,Swen,Chalker,schalker4l@foxnews.com,China
160,Skelly,Sweating,ssweating4f@uiuc.edu,Indonesia
767,Thurston,Eadmeades,teadmeadesla@wp.com,Palestinian Territory
234,Berry,Harbottle,bharbottle6h@sbwire.com,Indonesia
965,Myron,Clement,mclementqs@mashable.com,Serbia
616,Lynea,Tewnion,ltewnionh3@chicagotribune.com,Brazil
586,Dolores,Zanicchi,dzanicchig9@wikia.com,Sweden
124,Murvyn,Bydaway,mbydaway3f@mit.edu,Norway
138,Ethelyn,Clementucci,eclementucci3t@gmpg.org,Indonesia
533,Tessi,McCromley,tmccromleyes@columbia.edu,Ecuador
926,Mallory,Templman,mtemplmanpp@harvard.edu,Iran
674,Aubrey,Mc Cahey,amccaheyip@umich.edu,China
906,Ame,Elliss,aellissp5@smugmug.com,Slovenia
902,Lenore,Sercombe,lsercombep1@elpais.com,Tanzania
59,Ottilie,Mickan,omickan1m@rakuten.co.jp,China
401,Dale,Raiman,draimanb4@jimdo.com,China
771,Dionysus,Cawood,dcawoodle@shinystat.com,Netherlands
15,Bell,Quinell,bquinelle@google.co.uk,Brazil
745,Ric,Couche,rcoucheko@amazon.co.uk,France
396,Pascal,Craister,pcraisteraz@ca.gov,Russia
518,Aylmer,Maun,amauned@google.com.br,Indonesia
574,Eolande,Scothorne,escothornefx@upenn.edu,Malaysia
885,Tarrah,Brideau,tbrideauok@mediafire.com,Indonesia
441,Kiley,Winman,kwinmanc8@sitemeter.com,Hungary
418,Myrtice,Pollie,mpolliebl@alexa.com,Mongolia
915,Evie,Giovanizio,egiovaniziope@irs.gov,Indonesia
412,Rhea,Sim,rsimbf@xing.com,Philippines
795,Tera,Dyte,tdytem2@constantcontact.com,China
224,Elana,Mazdon,emazdon67@hexun.com,Poland
2,Doralynn,Lemin,dlemin1@ebay.com,Russia
876,Alena,Brunke,abrunkeob@domainmarket.com,Bangladesh
834,Pen,MacCostigan,pmaccostigann5@reference.com,Brazil
64,Jard,Geldeford,jgeldeford1r@google.com.au,Sweden
145,Carl,Teresia,cteresia40@i2i.jp,Portugal
931,Lorianne,Edgson,ledgsonpu@sakura.ne.jp,Poland
882,Lilian,Phizackerly,lphizackerlyoh@booking.com,China
622,Alleyn,Burberye,aburberyeh9@elpais.com,Brazil
300,Willi,Balbeck,wbalbeck8b@theguardian.com,Lithuania
239,Marius,Durston,mdurston6m@arstechnica.com,Brazil
269,Katrine,Harrigan,kharrigan7g@marketwatch.com,China
58,Clywd,Dornan,cdornan1l@mozilla.com,Cuba
495,Vinnie,Thaller,vthallerdq@forbes.com,Colombia
357,Celinda,Hungerford,chungerford9w@artisteer.com,Philippines
429,Sterne,Cortez,scortezbw@house.gov,China
686,Dannie,Joutapavicius,djoutapaviciusj1@businessweek.com,Czech Republic
395,Petronia,Guilayn,pguilaynay@huffingtonpost.com,Indonesia
191,Glenine,Hlavecek,ghlavecek5a@statcounter.com,China
959,Tabitha,Kobke,tkobkeqm@is.gd,China
226,Weylin,Isard,wisard69@google.ru,China
988,Brandtr,Wivell,bwivellrf@cnn.com,Indonesia
291,Thaddus,Matijasevic,tmatijasevic82@wufoo.com,Estonia
878,Padget,Maleby,pmalebyod@ameblo.jp,Kazakhstan
942,Annis,O'Fogerty,aofogertyq5@wordpress.org,Sierra Leone
147,Gerrie,Domnin,gdomnin42@phoca.cz,United States
431,Vasily,Ormistone,vormistoneby@de.vu,Philippines
330,Lucien,Nevison,lnevison95@biblegateway.com,Mexico
355,Sibyl,Haruard,sharuard9u@ftc.gov,Portugal
108,Frederic,Fevier,ffevier2z@sciencedaily.com,Nigeria
24,Keriann,Rands,krandsn@cpanel.net,Russia
631,Franciska,Walkden,fwalkdenhi@youtube.com,China
35,Lin,Bazire,lbazirey@constantcontact.com,China
110,Mattie,Calles,mcalles31@rediff.com,China
513,Tobe,Bogges,tboggese8@statcounter.com,Peru
444,Constantia,Foord,cfoordcb@theguardian.com,Guatemala
23,Percy,Garford,pgarfordm@va.gov,Indonesia
714,Matthias,Petren,mpetrenjt@networkadvertising.org,Japan
261,Lilia,Bellringer,lbellringer78@businessweek.com,Nepal
363,Carolina,Neiland,cneilanda2@dell.com,China
646,Nial,D'Aguanno,ndaguannohx@nba.com,Russia
691,Archibald,Varcoe,avarcoej6@people.com.cn,Russia
538,Winslow,Denty,wdentyex@mlb.com,Indonesia
204,Rhonda,Fairnington,rfairnington5n@goo.gl,Indonesia
537,Audy,Prendergrast,aprendergrastew@pagesperso-orange.fr,Indonesia
350,Tanhya,MacComiskey,tmaccomiskey9p@fastcompany.com,Bulgaria
769,Brod,Armor,barmorlc@addthis.com,Philippines
179,Golda,Lethby,glethby4y@discuz.net,Brazil
524,Mae,Antusch,mantuschej@hao123.com,Portugal
240,Zebulon,Bernardi,zbernardi6n@mayoclinic.com,Brazil
46,Nicolai,Queste,nqueste19@who.int,China
733,Jenny,Keilty,jkeiltykc@vistaprint.com,Vietnam
158,Fabiano,Spuner,fspuner4d@prnewswire.com,Indonesia
972,Natal,Swatheridge,nswatheridgeqz@fema.gov,Ukraine
983,Aveline,Macconaghy,amacconaghyra@columbia.edu,Russia
493,Chucho,Dennes,cdennesdo@dot.gov,Australia
774,Krystalle,Colly,kcollylh@bing.com,Slovenia
421,Lyndel,Wrench,lwrenchbo@google.es,Indonesia
178,Ron,Virgin,rvirgin4x@altervista.org,Russia
776,Annette,Corness,acornesslj@istockphoto.com,Finland
48,Jamison,Flintoft,jflintoft1b@ezinearticles.com,Tanzania
45,Jany,Stampe,jstampe18@oracle.com,Indonesia
917,Angelika,Ockwell,aockwellpg@weather.com,China
925,Cullin,Swayte,cswaytepo@livejournal.com,Indonesia
32,Perren,Bruinemann,pbruinemannv@cnn.com,China
840,Jo,Noar,jnoarnb@ihg.com,Cuba
307,Jolynn,Akred,jakred8i@salon.com,Philippines
635,Samantha,Keeping,skeepinghm@thetimes.co.uk,Philippines
744,Aldrich,Rolinson,arolinsonkn@fc2.com,China
321,Barbabas,Wollard,bwollard8w@indiegogo.com,Russia
647,Bell,Persian,bpersianhy@arstechnica.com,Czech Republic
693,Donny,Ogborne,dogbornej8@wikipedia.org,Indonesia
236,Joane,Batchellor,jbatchellor6j@twitter.com,Indonesia
800,Meredith,Besset,mbessetm7@drupal.org,Russia
930,Cherilyn,Ferreri,cferreript@quantcast.com,Sweden
536,Siana,Melburg,smelburgev@sbwire.com,Sweden
956,Queenie,Burger,qburgerqj@nbcnews.com,Indonesia
921,Wayland,Rollinson,wrollinsonpk@tamu.edu,France
576,Barnaby,Donne,bdonnefz@telegraph.co.uk,Indonesia
250,Merwin,Hackleton,mhackleton6x@army.mil,China
211,Heindrick,Pawel,hpawel5u@360.cn,Palestinian Territory
65,Horatia,Lesper,hlesper1s@reference.com,China
83,Barbe,Micheau,bmicheau2a@nbcnews.com,Zambia
936,Gertrude,Gemson,ggemsonpz@archive.org,China
29,Muriel,Jira,mjiras@answers.com,Indonesia
301,Terri,Skillings,tskillings8c@un.org,Peru
971,Berti,Bartelot,bbartelotqy@geocities.com,China
206,Patric,Bariball,pbariball5p@jigsy.com,Afghanistan
409,Myranda,Ryce,mrycebc@stanford.edu,Vietnam
716,Glennis,McGinnell,gmcginnelljv@dion.ne.jp,Indonesia
974,Dewey,Drayn,ddraynr1@boston.com,China
162,Ardys,Jon,ajon4h@cbsnews.com,China
827,Bradford,Petz,bpetzmy@stumbleupon.com,Indonesia
248,Isabelita,Dy,idy6v@walmart.com,Moldova
480,Kristofor,Froom,kfroomdb@squidoo.com,Peru
277,Matthiew,Musk,mmusk7o@statcounter.com,Honduras
122,Abbie,Longridge,alongridge3d@mayoclinic.com,Brazil
699,Peggi,Verrick,pverrickje@wisc.edu,Serbia
821,Hildegaard,Skahill,hskahillms@hibu.com,Peru
660,Farrand,Fyfield,ffyfieldib@mashable.com,France
387,Christin,Lorkings,clorkingsaq@google.ru,China
497,Cortney,Blease,cbleaseds@eventbrite.com,France
235,Rafferty,Rylatt,rrylatt6i@dailymail.co.uk,Brazil
547,Derwin,Munden,dmundenf6@usnews.com,Japan
107,Morie,Ganford,mganford2y@yale.edu,Portugal
684,Pippy,Shapira,pshapiraiz@vk.com,Philippines
516,Brade,Lote,bloteeb@163.com,Philippines
390,Marcie,Wipper,mwipperat@netvibes.com,Indonesia
116,Toiboid,Bussel,tbussel37@flavors.me,Malaysia
722,Gilles,Orwin,gorwink1@google.com.br,Tajikistan
40,Roderigo,Stokey,rstokey13@cloudflare.com,France
598,Margeaux,Dormand,mdormandgl@sina.com.cn,Zimbabwe
765,Madlin,Stainland,mstainlandl8@skyrock.com,Indonesia
929,Bryce,Woodus,bwoodusps@comsenz.com,Iran
869,Ursala,Dickinson,udickinsono4@ted.com,Micronesia
677,Sheri,Izsak,sizsakis@ox.ac.uk,China
886,Freddie,Kerss,fkerssol@desdev.cn,Poland
648,Veronica,Digby,vdigbyhz@virginia.edu,Central African Republic
62,Isidora,Blaase,iblaase1p@howstuffworks.com,Malaysia
623,Bartholemy,Dyne,bdyneha@addtoany.com,Azerbaijan
104,Glendon,Favill,gfavill2v@ovh.net,Russia
256,Shem,Fewtrell,sfewtrell73@vkontakte.ru,Niger
511,Milzie,Osmund,mosmunde6@ow.ly,Russia
486,Tersina,Ocklin,tocklindh@tripadvisor.com,Armenia
761,Vassily,Ellis,vellisl4@goo.gl,China
369,Yoshi,Guislin,yguislina8@pcworld.com,Saudi Arabia
53,Nara,Yashunin,nyashunin1g@instagram.com,Portugal
428,Gerhardt,Gammage,ggammagebv@businessweek.com,Chile
292,Zed,Scurlock,zscurlock83@sciencedaily.com,Pakistan
579,Beryl,Mannooch,bmannoochg2@statcounter.com,Portugal
709,Nicolis,Powys,npowysjo@berkeley.edu,Guatemala
305,Shelton,Sainte Paul,ssaintepaul8g@webnode.com,Brazil
785,Robby,Seeborne,rseebornels@walmart.com,Belarus
692,Carri,Merriton,cmerritonj7@sitemeter.com,Philippines
89,Graehme,Stollenbeck,gstollenbeck2g@ezinearticles.com,Jamaica
336,Nappie,Izakoff,nizakoff9b@themeforest.net,China
805,Ree,Sprowles,rsprowlesmc@nyu.edu,China
932,Garfield,Brozsset,gbrozssetpv@cloudflare.com,China
806,Wilona,Guido,wguidomd@ycombinator.com,Pakistan
383,Salim,Akaster,sakasteram@stanford.edu,Indonesia
836,Clayborne,Zanutti,czanuttin7@businessinsider.com,Sweden
79,Agosto,Shotboulte,ashotboulte26@forbes.com,Philippines
426,Paulie,Cortin,pcortinbt@dedecms.com,Puerto Rico
768,Isak,Kitcat,ikitcatlb@microsoft.com,Ukraine
63,Grazia,Budgey,gbudgey1q@earthlink.net,Cameroon
913,Giacobo,Stump,gstumppc@statcounter.com,Indonesia
601,Gabi,Irnys,girnysgo@state.gov,Russia
523,Madonna,Clibbery,mclibberyei@independent.co.uk,Bolivia
87,Ramonda,Philippard,rphilippard2e@forbes.com,Poland
465,Jaimie,Sisnett,jsisnettcw@apple.com,Comoros
946,Celene,Giamo,cgiamoq9@sitemeter.com,Philippines
73,Lucine,Mattke,lmattke20@mlb.com,Greece
512,Melantha,Bartos,mbartose7@goo.gl,Vietnam
779,Noreen,Skidmore,nskidmorelm@163.com,Nauru
11,Tammie,Boyet,tboyeta@fastcompany.com,China
157,Sebastiano,Quilter,squilter4c@time.com,Czech Republic
632,Ninnetta,Yuryaev,nyuryaevhj@harvard.edu,Indonesia
349,Carmina,Tompkiss,ctompkiss9o@blogger.com,Russia
582,Ariana,Pentercost,apentercostg5@soundcloud.com,Mexico
811,Elmira,Bussell,ebussellmi@ucoz.ru,Indonesia
706,Lorne,Harper,lharperjl@uol.com.br,Portugal
290,Roda,Scarr,rscarr81@vistaprint.com,France
193,Licha,Flatman,lflatman5c@aol.com,Poland
522,Garvy,Entissle,gentissleeh@sphinn.com,Guadeloupe
873,Paulina,Perrie,pperrieo8@about.com,China
494,Kaleb,Jordison,kjordisondp@virginia.edu,Egypt
54,Junia,Raison,jraison1h@odnoklassniki.ru,Morocco
69,Thorn,Crowe,tcrowe1w@statcounter.com,Malta
155,Enoch,Lisciandri,elisciandri4a@ebay.com,China
295,Eli,Anglish,eanglish86@pbs.org,Japan
197,Melly,Malyj,mmalyj5g@hc360.com,France
208,Rebekah,MacGahey,rmacgahey5r@php.net,Indonesia
267,Clarinda,Kassman,ckassman7e@cbsnews.com,Curacao
438,Rayna,Broady,rbroadyc5@ibm.com,Kiribati
850,Brose,Werndly,bwerndlynl@rakuten.co.jp,Ukraine
977,Frank,Lipgens,flipgensr4@ebay.co.uk,Canada
302,Omero,De Rechter,oderechter8d@blogspot.com,China
316,Vanni,Stallen,vstallen8r@imgur.com,Thailand
585,Lucius,Jaskiewicz,ljaskiewiczg8@disqus.com,Indonesia
530,Meredith,Duffell,mduffellep@jigsy.com,China
123,Anet,Pieracci,apieracci3e@cdbaby.com,Portugal
786,Kaitlynn,Illyes,killyeslt@google.de,China
501,Brannon,Ebbitt,bebbittdw@last.fm,France
504,Fowler,Fagg,ffaggdz@slashdot.org,Venezuela
526,Correna,Crix,ccrixel@is.gd,Vietnam
362,Flory,Charopen,fcharopena1@macromedia.com,China
164,Veronika,Meffin,vmeffin4j@altervista.org,Singapore
154,Georgie,Gorthy,ggorthy49@mashable.com,China
510,Rodolph,Delve,rdelvee5@hostgator.com,France
673,Marty,Grishukhin,mgrishukhinio@drupal.org,Libya
534,Gwenette,Garratty,ggarrattyet@sun.com,Brazil
451,Winifred,Gundrey,wgundreyci@a8.net,Guinea-Bissau
826,Yoko,Warriner,ywarrinermx@usatoday.com,Colombia
948,Haven,Bridgens,hbridgensqb@plala.or.jp,United Kingdom
652,Melli,Lyster,mlysteri3@netvibes.com,Russia
416,Joly,Currm,jcurrmbj@usnews.com,Cambodia
901,Arvin,Mumm,amummp0@java.com,Netherlands
992,Stephani,Gapper,sgapperrj@networkadvertising.org,China
863,Delaney,Regi,dreginy@archive.org,Russia
487,Nerti,Dobell,ndobelldi@xing.com,Philippines
829,Cassius,Vignaux,cvignauxn0@hhs.gov,Republic of the Congo
725,Tracy,Auten,tautenk4@sphinn.com,China
980,Randy,Schruurs,rschruursr7@cafepress.com,Venezuela
927,Isak,Prescot,iprescotpq@icio.us,Brazil
704,Humfrid,Squirrell,hsquirrelljj@wikispaces.com,Japan
130,Irma,Willers,iwillers3l@un.org,Russia
970,Darcee,Deville,ddevilleqx@mtv.com,Malaysia
289,Eugenie,Dauney,edauney80@cbslocal.com,China
91,Kurt,Leyes,kleyes2i@mozilla.com,Serbia
621,Meredith,Cluitt,mcluitth8@fastcompany.com,China
672,Patience,Heimann,pheimannin@ucla.edu,China
700,Odelle,Dicky,odickyjf@businessinsider.com,Portugal
373,Noby,Staddart,nstaddartac@pen.io,Czech Republic
760,Rusty,Allsobrook,rallsobrookl3@w3.org,Palestinian Territory
789,Aldis,Quidenham,aquidenhamlw@joomla.org,Indonesia
740,Elena,Bowmaker,ebowmakerkj@jalbum.net,Sweden
787,Madella,Arlidge,marlidgelu@twitpic.com,Peru
583,Brandon,Kenworthy,bkenworthyg6@ow.ly,Portugal
325,Zea,Pirrone,zpirrone90@livejournal.com,United States
831,Carrol,Pennings,cpenningsn2@fda.gov,Ukraine
449,Bobbette,Van Baaren,bvanbaarencg@webmd.com,Azerbaijan
331,Finlay,Olivazzi,folivazzi96@godaddy.com,Mexico
553,Gabbie,Charters,gchartersfc@vistaprint.com,Philippines
746,Tate,Chaffe,tchaffekp@dell.com,Greece
717,Myrle,Gourlay,mgourlayjw@harvard.edu,China
790,Elias,Brosetti,ebrosettilx@bing.com,Ukraine
953,Hy,Asker,haskerqg@t.co,Kenya
949,Raychel,Westoll,rwestollqc@google.com.hk,China
888,Hedvige,Tripet,htripeton@stanford.edu,Vietnam
828,Darb,Softley,dsoftleymz@timesonline.co.uk,Indonesia
887,Simonette,McOrkill,smcorkillom@feedburner.com,Nicaragua
311,Randie,Stebbins,rstebbins8m@slideshare.net,Belarus
563,Allistir,McGoon,amcgoonfm@about.me,China
908,Kate,Kesten,kkestenp7@hostgator.com,Argentina
572,Barb,Hehl,bhehlfv@freewebs.com,Indonesia
515,Hobard,Genn,hgennea@so-net.ne.jp,Afghanistan
177,Rhodia,Szwandt,rszwandt4w@ow.ly,China
904,Filbert,Bligh,fblighp3@seesaa.net,Bangladesh
219,Arlen,List,alist62@shinystat.com,Iran
756,Lavinia,Zanitti,lzanittikz@walmart.com,Finland
528,Ody,Gobell,ogobellen@wired.com,Argentina
729,Atlanta,Coughlan,acoughlank8@1und1.de,Russia
747,Pippo,Thow,pthowkq@google.it,China
687,Briana,Charlewood,bcharlewoodj2@goo.gl,Poland
708,Tommie,Weetch,tweetchjn@jalbum.net,North Korea
641,Libbi,Lawrenceson,llawrencesonhs@un.org,Philippines
299,Kerk,Birch,kbirch8a@merriam-webster.com,New Zealand
484,Mehetabel,Wilman,mwilmandf@nytimes.com,Mexico
101,Marna,McQuin,mmcquin2s@washingtonpost.com,Mauritius
793,Florina,Shord,fshordm0@businessweek.com,Indonesia
402,Atlanta,Woolmore,awoolmoreb5@drupal.org,Bangladesh
423,Andee,Bridle,abridlebq@sphinn.com,Brazil
862,Garfield,Hoyle,ghoylenx@wired.com,Madagascar
68,Annabel,Bresland,abresland1v@artisteer.com,Slovenia
991,Kele,Fabri,kfabriri@psu.edu,Iran
306,Livvy,Turbard,lturbard8h@reverbnation.com,Canada
446,Ermin,Probbing,eprobbingcd@sfgate.com,Montenegro
973,Aubine,Keitch,akeitchr0@cam.ac.uk,Egypt
896,Darcy,Frowd,dfrowdov@about.me,Finland
975,Laverna,Gillow,lgillowr2@nationalgeographic.com,Philippines
146,Herman,Louiset,hlouiset41@digg.com,Argentina
935,Torre,Dittson,tdittsonpy@umn.edu,Philippines
183,Robert,Lovegrove,rlovegrove52@aol.com,Croatia
161,Ilaire,Causnett,icausnett4g@yandex.ru,Indonesia
75,Georgeanne,Kippling,gkippling22@rambler.ru,Macedonia
152,Mickey,Ciccotti,mciccotti47@shop-pro.jp,China
671,Waneta,Scain,wscainim@dmoz.org,Philippines
889,Baird,Kilshall,bkilshalloo@hostgator.com,China
135,Zed,Willshaw,zwillshaw3q@tamu.edu,United States
710,Caleb,Tyrer,ctyrerjp@twitter.com,Indonesia
823,Victoria,Walesby,vwalesbymu@opera.com,Russia
356,Kelci,Waldrum,kwaldrum9v@prlog.org,China
962,Sancho,Antonowicz,santonowiczqp@cornell.edu,Serbia
60,Nananne,Arent,narent1n@purevolume.com,Cameroon
999,Ashton,Herreros,aherrerosrq@tripod.com,Russia
264,Karoly,Agass,kagass7b@ihg.com,Uruguay
527,Thebault,O'Lagene,tolageneem@webs.com,Indonesia
47,Francesca,Gorgen,fgorgen1a@twitpic.com,Ireland
752,Errick,Roskams,eroskamskv@desdev.cn,Indonesia
259,Edik,MacDunleavy,emacdunleavy76@comcast.net,China
742,La verne,Sahlstrom,lsahlstromkl@t-online.de,Poland
74,Cammie,Mattea,cmattea21@oracle.com,China
596,Deva,Huban,dhubangj@arizona.edu,Japan
558,Daffie,Klimowski,dklimowskifh@ezinearticles.com,Brazil
342,Jenny,Seemmonds,jseemmonds9h@vkontakte.ru,Philippines
96,Salomo,Kensett,skensett2n@pinterest.com,Brazil
341,Scotti,Filippozzi,sfilippozzi9g@arizona.edu,Zambia
113,Nathanael,Finney,nfinney34@technorati.com,China
566,Bonny,Kayes,bkayesfp@hhs.gov,Portugal
995,Leonora,Surcombe,lsurcomberm@economist.com,Japan
95,Viole,Catonnet,vcatonnet2m@diigo.com,South Africa
436,Collin,Gristwood,cgristwoodc3@edublogs.org,Russia
31,Kennan,Schoenrock,kschoenrocku@seesaa.net,Finland
367,Ginny,Dumphy,gdumphya6@amazon.co.uk,Philippines
244,Gusta,Ivermee,givermee6r@kickstarter.com,Samoa
476,Flemming,Skunes,fskunesd7@ucoz.com,Russia
550,Georgie,Stiebler,gstieblerf9@youku.com,Philippines
960,Gusella,Cottier,gcottierqn@instagram.com,Portugal
221,Neal,Philot,nphilot64@seesaa.net,Portugal
98,Di,Richemond,drichemond2p@rambler.ru,China
639,Lance,Forty,lfortyhq@chicagotribune.com,Philippines
456,Kaleb,Shaudfurth,kshaudfurthcn@cmu.edu,Russia
131,Tobye,Myall,tmyall3m@webnode.com,Thailand
753,Dorri,Golightly,dgolightlykw@bbb.org,France
994,Dina,Sent,dsentrl@google.co.jp,Sweden
223,Gwendolen,Askew,gaskew66@eventbrite.com,China
288,Shamus,Thame,sthame7z@msu.edu,Nigeria
324,Janis,de Courcey,jdecourcey8z@howstuffworks.com,China
934,Alaine,Jakab,ajakabpx@discovery.com,Ukraine
114,Erna,Clissett,eclissett35@ameblo.jp,Peru
209,Lonni,McCarlich,lmccarlich5s@cbsnews.com,Russia
735,Fifi,Triggs,ftriggske@barnesandnoble.com,China
715,Gino,Sanchiz,gsanchizju@foxnews.com,Poland
258,Maurine,Silbersak,msilbersak75@bluehost.com,Bulgaria
392,Lexi,Dryden,ldrydenav@cdc.gov,Honduras
411,Rochell,Martel,rmartelbe@ehow.com,China
245,Gerrilee,Gouge,ggouge6s@hatena.ne.jp,Uruguay
590,Calv,Whiting,cwhitinggd@apache.org,China
405,Marchall,Beiderbeck,mbeiderbeckb8@usatoday.com,Nigeria
703,Yettie,Argo,yargoji@unicef.org,Philippines
610,Kalindi,Loghan,kloghangx@comsenz.com,China
529,Dorita,Brennon,dbrennoneo@archive.org,Paraguay
678,Lancelot,Gann,lgannit@4shared.com,Indonesia
279,Kalila,Petchey,kpetchey7q@upenn.edu,Dominican Republic
377,Ruby,Dengate,rdengateag@mac.com,China
472,Jewelle,Trimmill,jtrimmilld3@skyrock.com,Indonesia
680,Kurt,Arthars,kartharsiv@topsy.com,Kosovo
128,Moises,Tremonte,mtremonte3j@cargocollective.com,Japan
662,Judy,Willoughby,jwilloughbyid@edublogs.org,Peru
881,Hendrick,Downage,hdownageog@nps.gov,China
668,Angelia,Coe,acoeij@cafepress.com,Indonesia
599,Georgena,Meatyard,gmeatyardgm@wsj.com,Mauritius
195,Briney,Fulun,bfulun5e@oaic.gov.au,Georgia
984,Consalve,McMurthy,cmcmurthyrb@altervista.org,Venezuela
149,Shannon,Whettleton,swhettleton44@ning.com,Morocco
218,Ewan,Rangle,erangle61@shop-pro.jp,Canada
727,Bernadene,Dornan,bdornank6@squarespace.com,Philippines
910,Analiese,Gabel,agabelp9@people.com.cn,United States
340,Hall,Malyan,hmalyan9f@privacy.gov.au,Philippines
345,Berne,Montford,bmontford9k@geocities.jp,Indonesia
12,Konstantin,Kellen,kkellenb@state.tx.us,Kyrgyzstan
77,Kandace,Mailey,kmailey24@hibu.com,China
440,Collen,Fonteyne,cfonteynec7@printfriendly.com,Portugal
813,Marybelle,Kieff,mkieffmk@xinhuanet.com,Burkina Faso
67,Arv,Izaac,aizaac1u@51.la,Colombia
207,Martelle,Nevin,mnevin5q@webnode.com,Costa Rica
293,Reagen,Buckleigh,rbuckleigh84@gravatar.com,Philippines
690,Harp,Runnicles,hrunniclesj5@tripadvisor.com,Indonesia
816,Arturo,Cunniffe,acunniffemn@sciencedirect.com,Portugal
78,Georgetta,Lintall,glintall25@ocn.ne.jp,Serbia
681,Marylee,Clorley,mclorleyiw@1und1.de,China
371,Huberto,Dunstan,hdunstanaa@bbb.org,Peru
271,Franny,O'Bradain,fobradain7i@rambler.ru,Iran
707,Stepha,McCarron,smccarronjm@elegantthemes.com,China
656,Lonee,Mixture,lmixturei7@bravesites.com,China
650,Maiga,McGeneay,mmcgeneayi1@parallels.com,China
460,Laurence,Peirson,lpeirsoncr@amazon.co.uk,France
99,Kare,Bembrick,kbembrick2q@umn.edu,Portugal
712,Ross,Scargill,rscargilljr@scientificamerican.com,China
532,Maegan,Le Noire,mlenoireer@seesaa.net,Nigeria
778,Margette,Normanton,mnormantonll@craigslist.org,Indonesia
471,Elene,Ilden,eildend2@guardian.co.uk,Brazil
788,Cicily,Creddon,ccreddonlv@deliciousdays.com,China
190,Karyl,Kabsch,kkabsch59@ameblo.jp,Luxembourg
389,Dulcie,Dedden,ddeddenas@skyrock.com,Indonesia
71,Barrie,Renals,brenals1y@barnesandnoble.com,China
696,Cam,Skitch,cskitchjb@ning.com,Afghanistan
838,Brendin,Joscelin,bjoscelinn9@nasa.gov,Brazil
569,Eben,Brooksbank,ebrooksbankfs@harvard.edu,Thailand
335,Andee,Vaskin,avaskin9a@rakuten.co.jp,Russia
171,Miguelita,Hammond,mhammond4q@posterous.com,United Kingdom
237,Nedda,Pfeffer,npfeffer6k@deviantart.com,Poland
339,Evangelina,Staggs,estaggs9e@imgur.com,Slovenia
541,Hal,Ligertwood,hligertwoodf0@hostgator.com,China
638,Beniamino,Jewar,bjewarhp@dell.com,Syria
689,Archer,Shoosmith,ashoosmithj4@chron.com,China
251,Gretta,Mottershaw,gmottershaw6y@mediafire.com,Bulgaria
287,Tobey,Bricksey,tbricksey7y@dropbox.com,Indonesia
758,Malachi,Mccaull,mmccaulll1@chron.com,China
525,Lorrie,Addie,laddieek@opensource.org,Niger
837,Cristina,Rolin,crolinn8@goo.gl,Russia
117,Bryn,Matthias,bmatthias38@cnn.com,China
624,Issiah,Comfort,icomforthb@dailymotion.com,China
308,Noreen,Close,nclose8j@sohu.com,Finland
900,Andree,Marjot,amarjotoz@yahoo.co.jp,Canada
943,Myrtia,Gabbatt,mgabbattq6@spotify.com,China
414,Row,Moakes,rmoakesbh@behance.net,Russia
176,Nick,Amsden,namsden4v@paginegialle.it,Croatia
517,Raquela,MacMearty,rmacmeartyec@google.com.au,Brazil
479,Kate,Batha,kbathada@behance.net,Cuba
61,Rennie,Vigietti,rvigietti1o@independent.co.uk,Philippines
214,Anthea,Farran,afarran5x@unc.edu,South Africa
539,Lurlene,Farre,lfarreey@bloglines.com,China
422,Brennen,Mayers,bmayersbp@ebay.co.uk,Philippines
924,Davie,Gossart,dgossartpn@google.nl,Poland
374,Joelle,Sexon,jsexonad@marketwatch.com,Brazil
754,Adena,Derx,aderxkx@flavors.me,France
129,Kimberlyn,Waddington,kwaddington3k@edublogs.org,Belarus
540,Cliff,Filipovic,cfilipovicez@wiley.com,Nigeria
448,Dacey,Mulrooney,dmulrooneycf@amazonaws.com,United States
312,Matthus,Lawly,mlawly8n@is.gd,Portugal
284,Clemens,Baldoni,cbaldoni7v@yolasite.com,Yemen
830,Tana,Oxlade,toxladen1@facebook.com,Poland
92,Merry,Wagner,mwagner2j@skype.com,Indonesia
194,Karim,Fulbrook,kfulbrook5d@hibu.com,France
944,Dido,Cuolahan,dcuolahanq7@wikipedia.org,Indonesia
172,Charlot,Clegg,cclegg4r@mozilla.org,China
351,Elyse,Gornar,egornar9q@noaa.gov,Netherlands
5,Cort,Prettejohns,cprettejohns4@flickr.com,Philippines
18,Jae,McKeran,jmckeranh@huffingtonpost.com,Denmark
317,Tommie,Pomfrey,tpomfrey8s@chron.com,Brazil
470,Trevar,Wyrill,twyrilld1@umn.edu,United States
103,Faber,Letrange,fletrange2u@yellowpages.com,Ukraine
7,Pippa,Gouda,pgouda6@blogtalkradio.com,Argentina
637,Fabien,Vela,fvelaho@so-net.ne.jp,Philippines
246,Andrea,Ronisch,aronisch6t@ehow.com,Argentina
825,Katha,Backshaw,kbackshawmw@addtoany.com,Philippines
303,Kimbell,Cudmore,kcudmore8e@washington.edu,Philippines
571,Kip,Fossick,kfossickfu@unicef.org,China
685,Hanna,Coping,hcopingj0@vinaora.com,Czech Republic
332,Dorey,Janos,djanos97@aol.com,China
361,Margy,Gambell,mgambella0@ftc.gov,Indonesia
141,Lusa,McMonnies,lmcmonnies3w@digg.com,Philippines
72,Hilliard,Ciric,hciric1z@huffingtonpost.com,Indonesia
728,Debbie,Jackling,djacklingk7@auda.org.au,Russia
966,Sashenka,Satcher,ssatcherqt@msu.edu,Palestinian Territory
492,Zora,Bernardez,zbernardezdn@cpanel.net,Portugal
125,Katya,Salla,ksalla3g@alibaba.com,United States
216,Tim,Hallas,thallas5z@msn.com,Brazil
791,Gris,Harvison,gharvisonly@cbsnews.com,France
554,Binky,Sircombe,bsircombefd@ihg.com,South Africa
866,Berthe,Gong,bgongo1@japanpost.jp,China
564,Catlee,Waison,cwaisonfn@mozilla.org,Belarus
417,Jayson,Sundin,jsundinbk@ca.gov,Indonesia
620,Dorena,Mulcahy,dmulcahyh7@hc360.com,Indonesia
231,Constantina,Robertet,crobertet6e@europa.eu,China
266,Kippy,Goodridge,kgoodridge7d@vistaprint.com,Ireland
549,Zachariah,Ullett,zullettf8@drupal.org,Netherlands
382,Roselle,Petrillo,rpetrilloal@census.gov,San Marino
835,Melodie,Pearn,mpearnn6@cnet.com,Philippines
982,Ginger,Surcombe,gsurcomber9@cbc.ca,Greece
567,Ailyn,Fredi,afredifq@elegantthemes.com,Dominican Republic
848,Cori,MacQuaker,cmacquakernj@noaa.gov,Haiti
514,Rosalinda,Cardow,rcardowe9@jugem.jp,Colombia
329,Flora,Buff,fbuff94@printfriendly.com,Ukraine
85,Daffie,Ulyet,dulyet2c@mozilla.org,Mexico
323,Cristionna,Chalder,cchalder8y@blogs.com,Thailand
150,Sharlene,O'Rudden,sorudden45@taobao.com,Russia
938,Rodina,Hurch,rhurchq1@archive.org,China
210,Henrietta,Kidston,hkidston5t@cam.ac.uk,Russia
375,Rhianon,Jakoub,rjakoubae@sina.com.cn,French Polynesia
454,Julietta,Pudner,jpudnercl@nyu.edu,United States
777,Engelbert,Imrie,eimrielk@nydailynews.com,China
839,Bram,Beresford,bberesfordna@mayoclinic.com,Belarus
148,Vivi,O'Halloran,vohalloran43@ibm.com,Mauritius
159,Anjanette,Cremin,acremin4e@ted.com,Russia
659,Zonnya,Dominique,zdominiqueia@wp.com,Indonesia
852,Katheryn,Murty,kmurtynn@hugedomains.com,Sweden
940,Gearalt,Brocket,gbrocketq3@psu.edu,Philippines
979,Cybill,Pinke,cpinker6@ebay.co.uk,China
780,Grantley,Ambroisin,gambroisinln@nasa.gov,Greece
41,Tomkin,Niland,tniland14@networkadvertising.org,China
808,Alexandra,Hasley,ahasleymf@umn.edu,Cuba
372,Nigel,Seamarke,nseamarkeab@pbs.org,Indonesia
799,Iseabal,Thay,ithaym6@walmart.com,China
52,Nert,Parrott,nparrott1f@etsy.com,Portugal
773,Clem,Salters,csalterslg@nymag.com,Indonesia
548,Aline,Treker,atrekerf7@nps.gov,China
344,Catharina,Race,crace9j@hostgator.com,China
945,Ebonee,Doherty,edohertyq8@google.co.uk,Peru
602,Celka,Lejeune,clejeunegp@webeden.co.uk,Thailand
498,Shirlee,Goncalo,sgoncalodt@sogou.com,Equatorial Guinea
665,Taddeusz,Melloy,tmelloyig@amazonaws.com,China
508,Zena,O'Hannen,zohannene3@chicagotribune.com,Poland
491,Van,Mehaffey,vmehaffeydm@sourceforge.net,Czech Republic
976,Wini,Torrance,wtorrancer3@sourceforge.net,Kenya
849,Modesta,Aslam,maslamnk@cisco.com,Indonesia
877,Kiele,Thorrold,kthorroldoc@tripadvisor.com,Colombia
133,Feodora,Kainz,fkainz3o@amazon.de,Argentina
812,Vinny,De Giovanni,vdegiovannimj@chronoengine.com,Tunisia
997,Nicola,Harm,nharmro@ebay.com,China
463,Demetri,De Nisco,ddeniscocu@imdb.com,China
804,Caryl,Kryzhov,ckryzhovmb@disqus.com,Indonesia
318,Spense,Shone,sshone8t@noaa.gov,Sweden
702,Joline,Chese,jchesejh@cmu.edu,France
640,Archaimbaud,Girardini,agirardinihr@apple.com,Georgia
243,Orella,Leate,oleate6q@e-recht24.de,Yemen
697,Phyllida,Dubose,pdubosejc@ed.gov,France
94,Rafaellle,Nevill,rnevill2l@symantec.com,Portugal
364,Gibby,Kneaphsey,gkneaphseya3@nationalgeographic.com,China
433,Therine,Eastam,teastamc0@arizona.edu,China
749,Bondie,Sacks,bsacksks@geocities.com,Indonesia
25,Kippy,Such,ksucho@skype.com,Peru
467,Zackariah,Minchindon,zminchindoncy@list-manage.com,China
651,Ashlie,Chaulk,achaulki2@netscape.com,Indonesia
588,Marita,Hendrich,mhendrichgb@a8.net,Guatemala
562,Sandye,Mc Elory,smceloryfl@ucsd.edu,Indonesia
628,Alisun,Hamley,ahamleyhf@geocities.com,Colombia
560,Bendick,MacRierie,bmacrieriefj@ted.com,Colombia
398,Conrad,Asplin,casplinb1@timesonline.co.uk,France
764,Alysa,Carmody,acarmodyl7@gizmodo.com,Ukraine
322,Katha,Altoft,kaltoft8x@jugem.jp,Vietnam
819,Isa,Cattow,icattowmq@boston.com,Portugal
167,Agnella,Priestland,apriestland4m@ameblo.jp,Indonesia
561,Lorenzo,Goburn,lgoburnfk@dot.gov,Indonesia
820,Marcille,Shakeshaft,mshakeshaftmr@archive.org,France
464,Christie,Aspinall,caspinallcv@xinhuanet.com,Canada
229,Archy,Fleischmann,afleischmann6c@people.com.cn,Indonesia
348,Meredith,Stephen,mstephen9n@tmall.com,Portugal
909,Brianna,Lorenzetti,blorenzettip8@cbsnews.com,France
180,Farra,Franklen,ffranklen4z@prlog.org,Afghanistan
81,Darius,Glawsop,dglawsop28@stumbleupon.com,China
427,Blane,Doughtery,bdoughterybu@godaddy.com,Norway
452,Alvan,Cullimore,acullimorecj@craigslist.org,Republic of the Congo
581,Adora,Archbald,aarchbaldg4@devhub.com,Namibia
730,Dorry,Nore,dnorek9@hugedomains.com,Russia
97,Diahann,Mollitt,dmollitt2o@cbc.ca,Portugal
625,Tatiana,Darwent,tdarwenthc@cbslocal.com,Morocco
270,Alfie,Dolphin,adolphin7h@odnoklassniki.ru,China
731,Aubrey,Ranyard,aranyardka@huffingtonpost.com,Bangladesh
573,Hertha,Poker,hpokerfw@admin.ch,Philippines
338,Dalston,Stango,dstango9d@ustream.tv,Indonesia
126,Sallee,Risborough,srisborough3h@mayoclinic.com,Canada
922,Katalin,Reace,kreacepl@jugem.jp,Indonesia
43,Dannye,Magnay,dmagnay16@harvard.edu,Burkina Faso
252,Marjie,Shrive,mshrive6z@mysql.com,Belize
757,Lynett,Pealing,lpealingl0@bbb.org,Ukraine
198,Townie,Shama,tshama5h@berkeley.edu,Ivory Coast
958,Elnar,Twiddy,etwiddyql@ucsd.edu,Cuba
872,Zoe,Davson,zdavsono7@tumblr.com,France
346,Isidor,Abramsky,iabramsky9l@youtu.be,Pakistan
262,Ernestus,Le Lievre,elelievre79@dropbox.com,Indonesia
189,Brooks,Lunk,blunk58@nytimes.com,Ukraine
559,Isidore,Caulwell,icaulwellfi@state.gov,Poland
663,Gar,Fynn,gfynnie@intel.com,Japan
469,Yardley,Woolforde,ywoolforded0@bloomberg.com,Ukraine
575,Ronica,Mattessen,rmattessenfy@g.co,Russia
175,Clifford,Rawstorn,crawstorn4u@statcounter.com,Peru
343,Shirl,Delahunty,sdelahunty9i@bbc.co.uk,China
253,Deirdre,Creavin,dcreavin70@phoca.cz,Latvia
281,Gianna,Bardwell,gbardwell7s@google.com.br,Lithuania
961,Leticia,Rameau,lrameauqo@printfriendly.com,China
111,Devi,Sabberton,dsabberton32@chron.com,Indonesia
865,Blanca,Langlais,blanglaiso0@ed.gov,Philippines
185,Eduardo,Bretton,ebretton54@imgur.com,Russia
404,Hoebart,McLucas,hmclucasb7@google.com.br,Indonesia
280,Novelia,Marlow,nmarlow7r@twitter.com,Cameroon
963,Berkly,Bauer,bbauerqq@mtv.com,South Africa
775,Devland,Schiell,dschiellli@amazon.co.jp,China
285,Sauncho,Kolakovic,skolakovic7w@google.ca,Iraq
580,Gwenni,Keir,gkeirg3@kickstarter.com,South Africa
657,Normand,Freda,nfredai8@sogou.com,United States
763,Lotta,Rawstorn,lrawstornl6@miitbeian.gov.cn,Jordan
570,Jody,Doveston,jdovestonft@shop-pro.jp,Sweden
954,Dev,O'Deegan,dodeeganqh@kickstarter.com,China
824,Melvin,Vickerstaff,mvickerstaffmv@google.fr,Iran
496,Gill,MacGown,gmacgowndr@hao123.com,Colombia
895,Arly,Nucci,anucciou@joomla.org,Croatia
719,Rorie,Comer,rcomerjy@github.com,China
202,Brittni,Farbrace,bfarbrace5l@redcross.org,Tanzania
505,Colas,Hanson,chansone0@soundcloud.com,Cuba
844,Lavena,Kaveney,lkaveneynf@vistaprint.com,Russia
376,Liliane,Bartoszinski,lbartoszinskiaf@statcounter.com,Russia
989,Kassie,Martignon,kmartignonrg@t.co,Poland
981,Dall,Dagg,ddaggr8@java.com,Brazil
483,Arleen,Bilovus,abilovusde@harvard.edu,China
93,Cherye,Thom,cthom2k@soundcloud.com,Russia
853,Bendick,Bertram,bbertramno@vimeo.com,China
115,Wittie,Ciobotaru,wciobotaru36@discovery.com,Norway
304,Arabela,Whaites,awhaites8f@dot.gov,Rwanda
294,Dorise,Vogelein,dvogelein85@delicious.com,China
794,Leola,Povele,lpovelem1@fema.gov,Democratic Republic of the Congo
70,Hernando,Bend,hbend1x@paginegialle.it,Russia
188,Amara,Sharrocks,asharrocks57@hugedomains.com,Venezuela
247,Randy,Tant,rtant6u@census.gov,China
905,Alair,Penk,apenkp4@mit.edu,South Korea
545,Sheffield,Tombleson,stomblesonf4@dagondesign.com,Poland
551,Ricky,Coventry,rcoventryfa@fc2.com,Yemen
127,Jecho,Lindeman,jlindeman3i@taobao.com,Indonesia
310,Belita,Samwaye,bsamwaye8l@dailymail.co.uk,Sri Lanka
833,Matthieu,Sedwick,msedwickn4@princeton.edu,El Salvador
397,Kore,Sancroft,ksancroftb0@tinyurl.com,Poland
42,Raf,Symers,rsymers15@prnewswire.com,Armenia
890,Sibbie,Perrin,sperrinop@seesaa.net,China
595,Colin,Abramovitch,cabramovitchgi@discuz.net,Portugal
682,Gamaliel,Woodyer,gwoodyerix@biblegateway.com,Cape Verde
968,Ellyn,Rollitt,erollittqv@51.la,Indonesia
807,Mattie,Renals,mrenalsme@sogou.com,Sierra Leone
354,Rena,Coneron,rconeron9t@washingtonpost.com,China
379,Hilliary,Skilling,hskillingai@paginegialle.it,Indonesia
815,Maisey,Hugnot,mhugnotmm@ask.com,South Korea
998,Michail,Allen,mallenrp@ftc.gov,Colombia
841,Shirline,Llopis,sllopisnc@biblegateway.com,Brazil
649,Florian,Stovine,fstovinei0@creativecommons.org,Botswana
142,Jody,Atling,jatling3x@wikia.com,Libya
698,Ardith,Gerriets,agerrietsjd@discuz.net,Japan
893,Gonzales,De la Feld,gdelafeldos@exblog.jp,France
606,Alysia,Paulisch,apaulischgt@virginia.edu,Russia
770,Helga,Higgan,hhigganld@nyu.edu,Greece
607,Lewie,Airlie,lairliegu@dyndns.org,Mauritius
711,Kariotta,Edgeler,kedgelerjq@edublogs.org,Portugal
309,Beatrice,D'eath,bdeath8k@epa.gov,China
9,Margalit,Aujouanet,maujouanet8@businessinsider.com,Tunisia
892,Darrel,Wilstead,dwilsteador@google.co.uk,Russia
430,Vanny,Brosel,vbroselbx@hatena.ne.jp,Brazil
450,Mead,Hattoe,mhattoech@china.com.cn,Philippines
400,Lezlie,Hollindale,lhollindaleb3@google.pl,China
688,Wynn,Chastney,wchastneyj3@columbia.edu,Poland
667,Winna,Martschke,wmartschkeii@deliciousdays.com,Indonesia
443,Meggy,Graber,mgraberca@blogs.com,Cape Verde
817,Ravi,Foottit,rfoottitmo@bloomberg.com,China
17,Toinette,Burleton,tburletong@prweb.com,Russia
297,Corette,Danilishin,cdanilishin88@census.gov,China
212,Noell,Jobbings,njobbings5v@alexa.com,Indonesia
33,Colin,Leupoldt,cleupoldtw@rediff.com,Tanzania
461,Kristal,Blouet,kblouetcs@simplemachines.org,Vietnam
215,Jayme,Haslewood,jhaslewood5y@adobe.com,Venezuela
413,Vivyanne,Witherby,vwitherbybg@sfgate.com,China
506,Maximo,Errol,merrole1@washingtonpost.com,Ukraine
453,Conn,Troker,ctrokerck@so-net.ne.jp,China
803,Pall,Collidge,pcollidgema@123-reg.co.uk,China
37,Carri,Oxlade,coxlade10@de.vu,Luxembourg
666,Keri,Gooderham,kgooderhamih@wired.com,Brazil
544,Karoly,Siley,ksileyf3@guardian.co.uk,China
408,Zebulon,Fasey,zfaseybb@myspace.com,Macedonia
327,Dulcia,Hizir,dhizir92@smh.com.au,China
192,Myrtle,Cornhill,mcornhill5b@google.com.br,Morocco
485,Tyrone,Matejovsky,tmatejovskydg@usda.gov,Kyrgyzstan
874,Bonni,Fomichyov,bfomichyovo9@intel.com,Malaysia
857,Edwina,Killeley,ekilleleyns@cornell.edu,China
186,Winna,Peddar,wpeddar55@list-manage.com,Indonesia
8,Margi,Do,mdo7@boston.com,Indonesia
407,Lisette,Alyukin,lalyukinba@gov.uk,Nigeria
227,Jdavie,Purple,jpurple6a@ft.com,China
455,Ker,Stackbridge,kstackbridgecm@bluehost.com,Russia
964,Sayre,Eddoes,seddoesqr@yellowbook.com,China
26,Nola,Sword,nswordp@trellian.com,China
683,Tucker,Korous,tkorousiy@cyberchimps.com,Sweden
855,Georgia,Shatliffe,gshatliffenq@freewebs.com,Nigeria
736,Tasia,Gaitskell,tgaitskellkf@opera.com,Brazil
313,Lorrin,Josey,ljosey8o@simplemachines.org,China
424,Shirlee,Baert,sbaertbr@xinhuanet.com,Indonesia
55,Matty,Bascombe,mbascombe1i@time.com,China
721,Chad,Debell,cdebellk0@blog.com,Russia
914,Coretta,Blachford,cblachfordpd@mashable.com,Colombia
655,Arlen,Laurencot,alaurencoti6@economist.com,Indonesia
856,Scotti,Barnfield,sbarnfieldnr@surveymonkey.com,South Africa
552,Angy,Mc Combe,amccombefb@pen.io,United Kingdom
102,Lil,Gallandre,lgallandre2t@google.it,Colombia
477,Tedmund,Redier,tredierd8@skyrock.com,China
713,Lilas,de Voiels,ldevoielsjs@lulu.com,Albania
34,Solly,Konertz,skonertzx@theguardian.com,Kazakhstan
796,Alvie,Tomlinson,atomlinsonm3@bandcamp.com,Portugal
645,Alejandro,Paynes,apayneshw@bandcamp.com,Guatemala
82,Merrill,Elmhurst,melmhurst29@ning.com,Indonesia
44,Clara,Reames,creames17@google.it,Azerbaijan
445,Gilberto,Adamini,gadaminicc@surveymonkey.com,China
897,Burch,Purdom,bpurdomow@ucoz.com,Indonesia
447,Berton,Alessandrini,balessandrinice@bloglines.com,Portugal
220,Abra,Hake,ahake63@europa.eu,United States
88,Roderigo,Latey,rlatey2f@ucoz.ru,Peru
608,Beltran,Bramstom,bbramstomgv@barnesandnoble.com,France
784,Welsh,Tressler,wtresslerlr@ehow.com,Ukraine
613,Jakie,Pauling,jpaulingh0@ucla.edu,China
907,Lotty,Collet,lcolletp6@weather.com,Thailand
520,Neale,Simko,nsimkoef@irs.gov,Israel
109,Melloney,Asey,masey30@1und1.de,Sweden
743,Reilly,Jeannequin,rjeannequinkm@ustream.tv,Pakistan
609,Leighton,Barens,lbarensgw@macromedia.com,Benin
797,Vassili,Manuely,vmanuelym4@mapquest.com,Thailand
594,Deni,Deeney,ddeeneygh@dagondesign.com,Philippines
724,Grove,Turpin,gturpink3@netvibes.com,Vietnam
337,Herculie,Levison,hlevison9c@cisco.com,Malta
466,Humberto,Weiser,hweisercx@t.co,Philippines
21,Burl,Valentelli,bvalentellik@sohu.com,Russia
726,Jewel,Eversley,jeversleyk5@jiathis.com,China
475,Gussy,Batha,gbathad6@sitemeter.com,Chile
10,Ody,Nettle,onettle9@facebook.com,China
546,Sandie,Milstead,smilsteadf5@spiegel.de,Indonesia
664,Haze,Muggach,hmuggachif@ucla.edu,China
143,Mildred,Wedmore.,mwedmore3y@issuu.com,Peru
272,Adah,Eason,aeason7j@sohu.com,Uruguay
265,Heida,Inston,hinston7c@goo.ne.jp,Indonesia
268,Orville,Kubasiewicz,okubasiewicz7f@chicagotribune.com,France
933,Malinde,Saward,msawardpw@infoseek.co.jp,China
170,Orsa,Klebes,oklebes4p@dmoz.org,Brazil
112,Nelle,Trail,ntrail33@nydailynews.com,Mayotte
13,Aloin,Steinor,asteinorc@blog.com,Brazil
282,Bryana,Alexandre,balexandre7t@yellowpages.com,China
694,Lian,Rutgers,lrutgersj9@cbslocal.com,Philippines
578,Abie,Fryman,afrymang1@51.la,Sweden
49,Tulley,Parren,tparren1c@webs.com,Guatemala
1,Moises,Inskipp,minskipp0@1688.com,Mexico
419,Delainey,Gash,dgashbm@cocolog-nifty.com,China
500,Mortie,Souza,msouzadv@vistaprint.com,Indonesia
459,Johnette,Margett,jmargettcq@addtoany.com,China
636,Francesco,Baroch,fbarochhn@soup.io,China
846,Arnoldo,Wrench,awrenchnh@umich.edu,Afghanistan
741,Mariette,Lowther,mlowtherkk@dell.com,Peru
643,Lowrance,Siggin,lsigginhu@shutterfly.com,Philippines
783,Elbertina,Conlon,econlonlq@sciencedaily.com,Spain
1000,Nessi,Lethbrig,nlethbrigrr@cdc.gov,Brazil
792,Bernadette,Kuhnert,bkuhnertlz@xing.com,Vietnam
393,Fergus,Corps,fcorpsaw@google.it,China
462,Ardis,Kevis,akevisct@kickstarter.com,Syria
629,Putnem,Troutbeck,ptroutbeckhg@nydailynews.com,Colombia
555,Franciska,Girkin,fgirkinfe@cdc.gov,Portugal
434,Thurston,Polycote,tpolycotec1@reddit.com,Philippines
630,Rodolphe,Patshull,rpatshullhh@mlb.com,Indonesia
967,Alford,Guillon,aguillonqu@smugmug.com,Russia
593,Mateo,Book,mbookgg@google.de,Vietnam
242,Cahra,Beldam,cbeldam6p@yellowbook.com,France
228,Traver,Notley,tnotley6b@boston.com,China
482,Brigitte,Bowdery,bbowderydd@sfgate.com,China
738,Matt,O'Canavan,mocanavankh@howstuffworks.com,Indonesia
916,Cecilio,Ornelas,cornelaspf@nydailynews.com,Mauritius
156,Husain,Lindblad,hlindblad4b@myspace.com,Greece
39,Franklyn,Mattussevich,fmattussevich12@cdc.gov,Portugal
232,Dannie,Kensett,dkensett6f@reddit.com,Brazil
347,Barbey,Dunsford,bdunsford9m@google.es,Venezuela
766,Jarret,Fraczkiewicz,jfraczkiewiczl9@europa.eu,Djibouti
499,Eada,Kenna,ekennadu@reverbnation.com,Panama
474,Laney,Pagelsen,lpagelsend5@gizmodo.com,Brazil
658,Gare,Wilmott,gwilmotti9@thetimes.co.uk,Sweden
144,Pammy,Leethem,pleethem3z@addthis.com,Philippines
701,King,Darcy,kdarcyjg@blogs.com,Portugal
633,Arlinda,Ritson,aritsonhk@china.com.cn,China
273,Christye,Wilmot,cwilmot7k@technorati.com,China
275,Peirce,Sneller,psneller7m@blogs.com,Mexico
918,Francene,Bremner,fbremnerph@house.gov,Brazil
739,Eldon,Carsberg,ecarsbergki@nps.gov,Indonesia
798,Shantee,Gurney,sgurneym5@taobao.com,China
618,Sibelle,Dendon,sdendonh5@mediafire.com,Colombia
670,Bonita,Atthow,batthowil@bloglovin.com,Armenia
952,Sax,Saville,ssavilleqf@nytimes.com,Madagascar
360,Hansiain,Kamiyama,hkamiyama9z@dmoz.org,United States
939,Dannie,Paulmann,dpaulmannq2@census.gov,Portugal
957,Nickolas,Ogg,noggqk@ihg.com,Indonesia
38,Kandace,Loffill,kloffill11@slate.com,Italy
619,Karil,Jonczyk,kjonczykh6@liveinternet.ru,Brazil
868,Ruth,Curm,rcurmo3@mozilla.org,Kenya
168,Fiona,Bennetto,fbennetto4n@parallels.com,Finland
334,Elden,Stiling,estiling99@cmu.edu,Czech Republic
642,Duffy,Bredgeland,dbredgelandht@lycos.com,China
118,Davy,Dowdney,ddowdney39@eepurl.com,Indonesia
203,Tammy,Meale,tmeale5m@go.com,Laos
298,Berta,Sturdgess,bsturdgess89@dedecms.com,Tunisia
919,Mersey,Cominoli,mcominolipi@hud.gov,United States
519,Marrilee,Worrill,mworrillee@chicagotribune.com,Czech Republic
184,Jeralee,O'Keaveny,jokeaveny53@census.gov,China
489,Urson,Duker,udukerdk@hc360.com,Tunisia
490,Thane,Ucchino,tucchinodl@wikispaces.com,Russia
384,Grata,Capelle,gcapellean@nih.gov,China
990,Buiron,Hunt,bhuntrh@histats.com,Indonesia
169,Antonina,Renish,arenish4o@zimbio.com,France
165,Billi,Jouning,bjouning4k@studiopress.com,Sweden
173,Corene,Gentile,cgentile4s@noaa.gov,Burundi
420,Lyndel,Eastbury,leastburybn@independent.co.uk,Belarus
27,Park,De Vaar,pdevaarq@ed.gov,China
380,Dyna,Yeell,dyeellaj@baidu.com,China
695,Leda,Najafian,lnajafianja@sogou.com,China
941,Tressa,Midlane,tmidlaneq4@gravatar.com,Morocco
425,Caye,Woodroff,cwoodroffbs@illinois.edu,China
969,Gilly,Matijasevic,gmatijasevicqw@imageshack.us,Japan
898,Lexie,Nutbeam,lnutbeamox@ibm.com,Indonesia
84,Arleyne,Trevance,atrevance2b@scientificamerican.com,Peru
121,Hinda,Cossons,hcossons3c@photobucket.com,Indonesia
899,Merle,Cordero,mcorderooy@zdnet.com,Poland
851,Freedman,Rouzet,frouzetnm@home.pl,Indonesia
385,Gustave,Rospars,grosparsao@digg.com,Canada
359,Garner,Sertin,gsertin9y@shutterfly.com,Russia
718,Janka,Bidwell,jbidwelljx@sciencedirect.com,Indonesia
531,Lacie,Habbema,lhabbemaeq@craigslist.org,Laos
255,Yule,Kilfether,ykilfether72@wunderground.com,Brazil
353,Cletis,Strotone,cstrotone9s@taobao.com,Japan
568,Cecilia,Tie,ctiefr@addtoany.com,Azerbaijan
605,Armstrong,MacCague,amaccaguegs@creativecommons.org,China
106,Phyllys,Dohmann,pdohmann2x@theglobeandmail.com,Germany
388,Friedrich,Vel,fvelar@cloudflare.com,China
278,Calla,Menchenton,cmenchenton7p@cocolog-nifty.com,Japan
759,Dewie,Morican,dmoricanl2@google.com.au,Poland
230,Sergei,Chisnall,schisnall6d@wordpress.com,Indonesia
86,Ferdinande,Buntain,fbuntain2d@cnn.com,Nigeria
435,Nappie,Gulc,ngulcc2@csmonitor.com,Peru
818,Amy,Bittlestone,abittlestonemp@gnu.org,China
928,Kristoforo,Milsap,kmilsappr@unc.edu,Belarus
986,Marven,Branton,mbrantonrd@angelfire.com,Kazakhstan
937,Chic,Huntington,chuntingtonq0@latimes.com,Brazil
56,Findlay,Stoeckle,fstoeckle1j@booking.com,Netherlands
543,Waverly,Cesco,wcescof2@chron.com,Ukraine
669,Danni,Aspy,daspyik@trellian.com,Azerbaijan
732,Amalee,Lautie,alautiekb@seattletimes.com,Dominican Republic
358,Gian,Hugnet,ghugnet9x@ezinearticles.com,Slovenia
912,Audrie,Tabourin,atabourinpb@over-blog.com,China
502,Yvonne,Easman,yeasmandx@github.io,Sweden
814,Shaine,Tellenbroker,stellenbrokerml@facebook.com,Indonesia
750,Christy,Castellani,ccastellanikt@multiply.com,Vietnam
4,Roderigo,Borg,rborg3@technorati.com,China
879,Mab,Shufflebotham,mshufflebothamoe@pagesperso-orange.fr,Tanzania
296,Iseabal,Cords,icords87@slate.com,China
782,Francine,Davern,fdavernlp@jalbum.net,Peru
911,Rollin,Kermeen,rkermeenpa@amazon.co.jp,Brazil
891,Janette,Bluschke,jbluschkeoq@auda.org.au,Mexico
241,Karmen,Otridge,kotridge6o@archive.org,France
627,Dante,Hempel,dhempelhe@webnode.com,China
260,Harrietta,Gehricke,hgehricke77@e-recht24.de,Israel
589,Idette,Yurkiewicz,iyurkiewiczgc@dropbox.com,China
535,Terrence,Farthing,tfarthingeu@google.ru,China
880,Thorndike,Prantoni,tprantoniof@washingtonpost.com,Peru
439,Charline,Seebert,cseebertc6@businessweek.com,Philippines
584,Yolanthe,Heathwood,yheathwoodg7@google.es,China
473,Evonne,Hamlett,ehamlettd4@free.fr,Indonesia
314,Godfree,Prandy,gprandy8p@typepad.com,Czech Republic
604,Ingeberg,Rispen,irispengr@arstechnica.com,China
617,Wyndham,Jochens,wjochensh4@miibeian.gov.cn,China
611,Lezlie,Careswell,lcareswellgy@google.it,China
503,Allyn,Sterzaker,asterzakerdy@indiatimes.com,Vietnam
920,Michal,Genny,mgennypj@mysql.com,China
378,Maia,Foxall,mfoxallah@vinaora.com,United States
432,Shaylynn,Rostron,srostronbz@accuweather.com,Poland
612,Erina,MacAnelley,emacanelleygz@merriam-webster.com,Sweden
57,Lucais,Datte,ldatte1k@bravesites.com,China
509,Starlin,Diment,sdimente4@prlog.org,China
458,Peggy,Raselles,prasellescp@is.gd,China
80,Beatrix,Poynter,bpoynter27@wikia.com,Armenia
597,Mead,Flather,mflathergk@taobao.com,Luxembourg
399,Kimmi,Torrance,ktorranceb2@hugedomains.com,Senegal
76,Marinna,Black,mblack23@independent.co.uk,Syria
100,Odetta,Brignell,obrignell2r@imdb.com,Indonesia
283,Ariadne,Conlon,aconlon7u@w3.org,Nigeria
985,Laetitia,Brigstock,lbrigstockrc@imdb.com,Poland
822,Paul,Hugues,phuguesmt@census.gov,China
457,Dolli,Orfeur,dorfeurco@list-manage.com,Russia
843,Ileana,Stelfax,istelfaxne@dropbox.com,Ecuador
326,Caterina,Baxstar,cbaxstar91@cargocollective.com,Russia
153,Alphonso,Lakin,alakin48@stumbleupon.com,China
217,Guillaume,Paulon,gpaulon60@rambler.ru,Morocco
403,Anselm,Zecchi,azecchib6@irs.gov,Russia
151,Philipa,Mehmet,pmehmet46@wordpress.com,China
225,Barbabas,Bruinemann,bbruinemann68@surveymonkey.com,Portugal
737,Lissy,Jimenez,ljimenezkg@facebook.com,Czech Republic
951,Alexio,Crozier,acrozierqe@goo.gl,China
276,Karine,Peeke,kpeeke7n@youku.com,Paraguay
50,Nikolia,Campbell-Dunlop,ncampbelldunlop1d@nationalgeographic.com,Costa Rica
14,Heda,Wallbanks,hwallbanksd@wiley.com,Russia
3,Jeramie,Leades,jleades2@bigcartel.com,Brazil
274,Wallie,Piff,wpiff7l@dion.ne.jp,Niger
442,Peadar,Kindle,pkindlec9@barnesandnoble.com,China
254,Coretta,O'Rodane,corodane71@yellowbook.com,Nigeria
352,Nathaniel,Whiteside,nwhiteside9r@hp.com,Thailand
748,Parry,Westmorland,pwestmorlandkr@jiathis.com,China
755,Russell,Clayton,rclaytonky@weather.com,France
587,Eddy,Sartain,esartainga@ezinearticles.com,China
22,Kellsie,Calcraft,kcalcraftl@redcross.org,France
603,Virge,Barreau,vbarreaugq@feedburner.com,Indonesia
521,Caty,Chaffe,cchaffeeg@behance.net,China
200,Josselyn,Hulks,jhulks5j@fc2.com,Philippines
468,Dennet,Acarson,dacarsoncz@ihg.com,Portugal
810,Fletcher,Jeanequin,fjeanequinmh@miitbeian.gov.cn,Indonesia
565,Hamil,Connew,hconnewfo@privacy.gov.au,Colombia
488,Meggi,Fearnehough,mfearnehoughdj@gravatar.com,Indonesia
705,Becca,Cornborough,bcornboroughjk@tamu.edu,Indonesia
6,Orelle,Serrurier,oserrurier5@icq.com,Brazil
772,Michelle,Sibson,msibsonlf@auda.org.au,Mauritius
410,Linnell,Portugal,lportugalbd@slate.com,China
923,Tanner,Dinsmore,tdinsmorepm@usnews.com,China
16,Manfred,Nanelli,mnanellif@unicef.org,Bhutan
319,Yuri,Godney,ygodney8u@fastcompany.com,Germany
950,Tania,Cato,tcatoqd@tamu.edu,Japan
634,Bette,Swindle,bswindlehl@senate.gov,Indonesia
720,Armin,Janiak,ajaniakjz@marriott.com,Japan
858,Adorne,Lukesch,alukeschnt@businessweek.com,Japan
366,Madeleine,Rhule,mrhulea5@sphinn.com,Philippines
751,Alleen,Alsop,aalsopku@java.com,Bolivia
391,Bryn,Sapshed,bsapshedau@businessweek.com,Honduras
381,Aldric,Skellon,askellonak@nhs.uk,China
119,Anderson,Loyndon,aloyndon3a@example.com,Poland
406,Allard,Longthorne,alongthorneb9@disqus.com,Canada
801,Ryun,Birdall,rbirdallm8@behance.net,Brazil
987,Bink,Purselowe,bpurselowere@mail.ru,China
832,Gage,Ruprecht,gruprechtn3@ning.com,Azerbaijan
884,Goldarina,Feeny,gfeenyoj@businessinsider.com,China
626,Francesco,Cicetti,fcicettihd@npr.org,Peru
781,Wilburt,Whittington,wwhittingtonlo@si.edu,Nigeria
51,Cammi,Wenger,cwenger1e@yelp.com,Albania
132,Regan,Horbart,rhorbart3n@behance.net,Portugal
90,Marietta,Bohan,mbohan2h@networksolutions.com,China
263,Filmore,Gurdon,fgurdon7a@reverbnation.com,Philippines
368,Donavon,Abela,dabelaa7@virginia.edu,Thailand
557,Alberta,Blaes,ablaesfg@redcross.org,France
860,Andreas,McClaughlin,amcclaughlinnv@stanford.edu,Sweden
947,Doug,Rummins,drumminsqa@oakley.com,Czech Republic
577,Tresa,Jurzyk,tjurzykg0@wordpress.com,China
213,Laina,Demcak,ldemcak5w@topsy.com,Cameroon
507,Mike,Crathern,mcratherne2@yandex.ru,Haiti
996,Guenevere,Medland,gmedlandrn@cbslocal.com,Serbia
903,Alla,Grange,agrangep2@t-online.de,China
201,Nixie,Trosdall,ntrosdall5k@nasa.gov,Peru
644,Dee dee,Khristoforov,dkhristoforovhv@ca.gov,Canada
257,Evelin,Wharton,ewharton74@npr.org,China
105,Sapphire,Siggs,ssiggs2w@sakura.ne.jp,Equatorial Guinea
676,Gerry,Gelderd,ggelderdir@abc.net.au,Honduras
